https://www.thehindu.com/news/national/coronavirus-india-lockdown-october-3-2020/article32757379.ece, 2020-10-03
https://www.thehindu.com/news/national/coronavirus-india-lockdown-october-2-2020/article32749759.ece, 2020-10-02
https://www.thehindu.com/business/businesslive-1-october-2020/article32738647.ece, 2020-10-01
https://www.thehindu.com/business/businesslive-29-september-2020/article32721022.ece, 2020-09-29
https://www.thehindu.com/sci-tech/science/all-about-russias-sputnik-v-vaccine/article32668210.ece, 2020-09-22
https://www.thehindu.com/business/businesslive-22-september-2020/article32665752.ece, 2020-09-22
https://www.thehindu.com/specials/the-hindu-explains-life-markers-on-venus-india-china-pacts-covid-19-after-effects-and-russias-coronavirus-vaccine/article32651245.ece, 2020-09-20
https://www.thehindu.com/entertainment/music/how-indian-musicians-in-the-us-are-riding-out-the-pandemic/article32639326.ece, 2020-09-18
https://www.thehindu.com/specials/the-hindu-explains-foreign-aid-and-ngos-covid-19-vaccine-trials-coronavirus-re-infection-and-pf-earnings/article32590904.ece, 2020-09-13
https://www.thehindu.com/entertainment/movies/venice-film-festival-closes-amid-cheers-for-daring-to-open-amid-covid-19-pandemic/article32587672.ece, 2020-09-12
https://www.thehindu.com/business/businesslive-9-september-2020/article32557745.ece, 2020-09-09
https://www.thehindu.com/business/businesslive-8-september-2020/article32548875.ece, 2020-09-08
https://www.thehindu.com/entertainment/movies/from-the-venice-film-festival-a-plea-to-reopen-movie-theaters-shut-by-the-pandemic/article32522319.ece, 2020-09-04
https://www.thehindu.com/entertainment/art/five-artistes-who-turned-to-embroidery-this-lockdown/article32485234.ece, 2020-08-31
https://www.thehindu.com/business/businesslive-31-august-2020/article32483898.ece, 2020-08-31
https://www.thehindu.com/business/businesslive-28-august-2020/article32462165.ece, 2020-08-28
https://www.thehindu.com/entertainment/art/philip-k-joseph-uses-blue-surgical-masks-for-instagram-art-series-covid19/article32455584.ece, 2020-08-27
https://www.thehindu.com/brandhub/domex-fights-coronavirus-in-60-seconds/article32411454.ece, 2020-08-21
https://www.thehindu.com/entertainment/music/carnatic-quartets-lockdown-musical-production/article32403063.ece, 2020-08-20
https://www.thehindu.com/society/madras-week-2020-portraits-of-chennai-tamil-nadu-lockdown/article32403043.ece, 2020-08-20
https://www.thehindu.com/thread/reflections/killing-the-coronavirus-bogey-with-some-lockdown-boogie/article32398611.ece, 2020-08-20
https://www.thehindu.com/entertainment/art/solomons-lockdown-gentlemen/article32401228.ece, 2020-08-20
https://www.thehindu.com/todays-paper/tp-national/tp-otherstates/vanquishing-the-virus/article32380074.ece, 2020-08-18
https://www.thehindu.com/multimedia/in-pictures-india-celebrates-74th-independence-day-amid-pandemic/article32362185.ece, 2020-08-15
https://www.thehindu.com/business/businesslive-13-august-2020/article32341259.ece, 2020-08-13
https://www.thehindu.com/entertainment/movies/antonio-banderas-feels-relatively-well-despite-testing-positive-for-covid-19/article32333648.ece, 2020-08-12
https://www.thehindu.com/business/businesslive-10-august-2020/article32313740.ece, 2020-08-10
https://www.thehindu.com/entertainment/movies/coronavirus-abhishek-bachchan-tests-negative/article32302846.ece, 2020-08-08
https://www.thehindu.com/entertainment/finding-online-fame-in-a-pandemic/article32291804.ece, 2020-08-07
https://www.thehindu.com/entertainment/art/covid-expressions-showcases-diverse-views-by-hyderabad-art-community/article32284896.ece, 2020-08-06
https://www.thehindu.com/entertainment/art/a-virtual-photo-expo-in-the-time-of-pandemic/article32280697.ece, 2020-08-06
https://www.thehindu.com/entertainment/art/through-art-and-poetry-this-digital-exhibit-captures-lockdown-and-its-many-aspects/article32276867.ece, 2020-08-05
https://www.thehindu.com/entertainment/singer-s-p-balasubrahmanyam-confirms-testing-positive-for-covid-19/article32274419.ece, 2020-08-05
https://www.thehindu.com/business/businesslive-3-aug-2020/article32256817.ece, 2020-08-03
https://www.thehindu.com/entertainment/movies/covid-19-actor-brahmanandam-lightens-the-pandemic-burden-as-his-memes-flood-the-online-space/article32229897.ece, 2020-07-30
https://www.thehindu.com/entertainment/emmy-awards-ceremony-to-be-held-online-due-to-pandemic/article32227351.ece, 2020-07-30
https://www.thehindu.com/entertainment/movies/mini-series-unseen-conceptualised-by-natasha-malpani-oswal-looks-at-the-darker-side-of-lockdown/article32211926.ece, 2020-07-28
https://www.thehindu.com/specials/the-hindu-explains-recurrent-covid-19-infection-keralas-coronavirus-surge-and-delhis-sero-survey/article32193766.ece, 2020-07-26
https://www.thehindu.com/entertainment/music/sudheesh-sasikumars-single-we-are-human-being-is-an-ode-to-artistes-battling-the-covid-19-induced-lockdown/article32190167.ece, 2020-07-25
https://www.thehindu.com/entertainment/movies/ryan-reynolds-time-travel-movie-our-name-is-adam-acquired-by-netflix/article32189371.ece, 2020-07-25
https://www.thehindu.com/business/businesslive-24-july-2020/article32178508.ece, 2020-07-24
https://www.thehindu.com/sci-tech/health/watch-oxfords-covid-19-vaccine-shows-positive-results/article32171803.ece, 2020-07-23
https://www.thehindu.com/sci-tech/health/video-in-conversation-with-andrew-pollard-director-of-oxford-vaccine-group/article32170529.ece, 2020-07-23
https://www.thehindu.com/sci-tech/health/oxfords-covid-19-vaccine-prompts-immune-response/article32149378.ece, 2020-07-21
https://www.thehindu.com/business/businesslive-21-july-2020/article32145417.ece, 2020-07-21
https://www.thehindu.com/entertainment/art/lockdown-and-shutdown/article32139584.ece, 2020-07-20
https://www.thehindu.com/entertainment/movies/a-chat-with-bad-boys-for-life-directors/article32122764.ece, 2020-07-18
https://www.thehindu.com/thread/politics-and-policy/why-businesses-invest-in-china/article32121266.ece, 2020-07-18
https://www.thehindu.com/business/businesslive-16-july-2020/article32098063.ece, 2020-07-16
https://www.thehindu.com/entertainment/movies/sonu-sood-to-author-book-on-his-work-with-migrants-during-the-covid-19-pandemic/article32089967.ece, 2020-07-15
https://www.thehindu.com/thread/reflections/the-digital-yin-to-the-covid-yang/article32071104.ece, 2020-07-13
https://www.thehindu.com/news/cities/Delhi/worlds-largest-covid-care-centre-inaugurated-in-delhi/article32064806.ece, 2020-07-13
https://www.thehindu.com/entertainment/movies/coronavirus-amitabh-bachchan-son-abhishek-test-positive-for-covid-19/article32054011.ece, 2020-07-11
https://www.thehindu.com/multimedia/singapore-elections-voting-in-the-time-of-a-pandemic/article32050135.ece, 2020-07-11
https://www.thehindu.com/entertainment/music/indian-musicians-on-how-the-lockdown-has-made-way-for-virtual-collaborations-with-international-stars/article32042830.ece, 2020-07-10
https://www.thehindu.com/entertainment/movies/nyiff-to-screen-40-films-documentaries-at-virtual-edition-amid-coronavirus-pandemic/article32040702.ece, 2020-07-10
https://www.thehindu.com/business/businesslive-10-july-2020/article32038439.ece, 2020-07-10
https://www.thehindu.com/entertainment/movies/1917-director-sam-mendes-and-netflix-create-fund-to-support-theatre-workers-hit-by-pandemic/article32000312.ece, 2020-07-06
https://www.thehindu.com/news/international/czechs-hold-farewell-party-for-coronavirus/article31977692.ece, 2020-07-03
https://www.thehindu.com/news/cities/chennai/watch-pondy-bazaar-chennais-shopping-hub-hit-by-lockdown/article31946290.ece, 2020-06-29
https://www.thehindu.com/entertainment/movies/oscar-winner-charles-randolph-to-helm-covid-19-pandemic-movie-set-in-china/article31943535.ece, 2020-06-29
https://www.thehindu.com/news/cities/chennai/chennais-second-lockdown/article31937888.ece, 2020-06-28
https://www.thehindu.com/entertainment/art/kedar-dhondu-on-exploring-peoples-lockdown-experiences-his-lonely-residents-project-and-how-people-stuck-at-homes-have-forged-new-bonds-and-survive-and-thrive-in-this-pandemic/article31932415.ece, 2020-06-27
https://www.thehindu.com/entertainment/art/this-artist-in-visakhapatnam-is-capturing-the-pandemic-through-illustrations/article31924563.ece, 2020-06-26
https://www.thehindu.com/news/national/kerala/covid-19-pandemic-delays-keralas-boat-races/article31912794.ece, 2020-06-25
https://www.thehindu.com/entertainment/movies/russell-crowes-unhinged-will-be-first-film-to-release-after-theatres-reopen/article31903863.ece, 2020-06-24
https://www.thehindu.com/entertainment/movies/coronavirus-following-oscars-golden-globes-will-take-place-on-feb-28/article31894417.ece, 2020-06-23
https://www.thehindu.com/news/international/the-covid-19-pandemic-leads-to-a-bicycle-boom-around-the-world-script/article31850005.ece, 2020-06-20
https://www.thehindu.com/entertainment/music/indie-musician-tejas-on-releasing-his-new-single-lead-in-the-lockdown-phase-and-why-tejas-feels-this-is-he-calls-the-a-time-for-musicians-should-expand-their-role-in-society-and-cultivate-a-new-kind-of-audience/article31876048.ece, 2020-06-20
https://www.thehindu.com/entertainment/movies/the-bold-and-the-beautiful-becomes-first-scripted-show-to-resume-shooting-after-pandemic/article31861100.ece, 2020-06-18
https://www.thehindu.com/entertainment/art/the-mask-as-canvas-during-coronavirus-days/article31857589.ece, 2020-06-18
https://www.thehindu.com/entertainment/coronavirus-bafta-film-awards-pushed-to-april-11-following-oscars-change/article31840518.ece, 2020-06-16
https://www.thehindu.com/entertainment/movies/oscars-2021-ceremony-switched-to-april-from-february-due-to-coronavirus/article31837291.ece, 2020-06-16
https://www.thehindu.com/business/businesslive-15-june-2020/article31830679.ece, 2020-06-15
https://www.thehindu.com/entertainment/music/pandemic-fallout-bengaluru-musicians-djs-are-taking-to-online-platforms-but-there-is-uncertainty-in-the-air/article31823492.ece, 2020-06-13
https://www.thehindu.com/entertainment/movies/director-jayaraj-releases-a-tribute-to-coronavirus-warriors-with-popular-malayalam-song/article31820375.ece, 2020-06-13
https://www.thehindu.com/entertainment/music/kerala-band-thekkan-chronicles-onnayidum-lokam-celebrates-the-spirit-of-togetherness-despite-the-pandemic/article31801168.ece, 2020-06-11
https://www.thehindu.com/sci-tech/science/coronavirus-delays-largest-arctic-expedition/article31776950.ece, 2020-06-10
https://www.thehindu.com/news/national/eat-pray-and-shop-unlocking-the-new-normal/article31778649.ece, 2020-06-08
https://www.thehindu.com/thread/science-health-environment/nature-takes-a-deep-breath-guarded-by-the-coronavirus/article31768733.ece, 2020-06-08
https://www.thehindu.com/specials/the-hindu-explains-google-privacy-issues-gross-value-added-and-coronavirus-terms/article31769778.ece, 2020-06-07
https://www.thehindu.com/news/national/a-land-empties-india-in-lockdown/article31757471.ece, 2020-06-05
https://www.thehindu.com/entertainment/theatre/ratnamala-nori-of-nori-art-and-puppet-centre-talks-about-her-youtube-channel-and-how-puppetry-can-keep-kids-creatively-engaged-at-home-amid-the-pandemic/article31746989.ece, 2020-06-04
https://www.thehindu.com/business/businesslive-3-june-2020/article31736029.ece, 2020-06-03
https://www.thehindu.com/entertainment/movies/actor-mohena-kumari-singh-on-testing-positive-for-covid-19-no-right-to-complain-as-there-are-people-suffering-more-than-us/article31731275.ece, 2020-06-02
https://www.thehindu.com/news/national/coronavirus-slow-start-for-unlock-10/article31723378.ece, 2020-06-01
https://www.thehindu.com/entertainment/music/bengaluru-based-songwritermusic-director-justin-thomas-chengannur-has-got-325-singers-from-14-countries-to-sing-the-malayalam-song-the-warriors-to-salute-frontline-workers/article31723382.ece, 2020-06-01
https://www.thehindu.com/entertainment/movies/lockdown-has-forced-indian-cinema-to-script-a-new-sequel-to-filmmaking/article31701616.ece, 2020-05-29
https://www.thehindu.com/news/national/other-states/indias-largest-railway-yard-under-lockdown/article31700873.ece, 2020-05-29
https://www.thehindu.com/entertainment/theatre/wellness-check-during-lockdown/article31693982.ece, 2020-05-28
https://www.thehindu.com/incoming/meet-the-essential-workers-in-chennai-who-are-silently-helping-you-get-through-the-lockdown/article31692755.ece, 2020-05-28
https://www.thehindu.com/business/businesslive-28-may-2020/article31692290.ece, 2020-05-28
https://www.thehindu.com/entertainment/movies/coronavirus-trailer-ram-gopal-varma-shoots-film-in-lockdown/article31686275.ece, 2020-05-27
https://www.thehindu.com/entertainment/movies/lockdown-episodes-of-telugu-series-amrutham-dhvitheeyam-shot-in-the-actors-homes-will-premire-on-may-27/article31668594.ece, 2020-05-25
https://www.thehindu.com/business/businesslive-25-may-2020/article31668175.ece, 2020-05-25
https://www.thehindu.com/entertainment/movies/human-behaviour-during-covid-19-pandemic-deeply-irrational-says-contagion-director-soderbergh/article31659170.ece, 2020-05-23
https://www.thehindu.com/entertainment/your-lockdown-guide-to-must-watch-live-gigs/article31658134.ece, 2020-05-23
https://www.thehindu.com/entertainment/movies/short-films-shot-in-lockdown-mae-a-bid-for-ott-and-streaming-platforms/article31650144.ece, 2020-05-22
https://www.thehindu.com/entertainment/art/arun-kunjunny-has-been-documenting-the-lockdown-with-one-photograph-every-day-all-of-which-was-clicked-inside-and-around-his-home-at-poojappura-in-thiruvananthapuram/article31641585.ece, 2020-05-21
https://www.thehindu.com/entertainment/movies/actor-appani-saraths-recommendations-for-your-lockdown-watching/article31640450.ece, 2020-05-21
https://www.thehindu.com/entertainment/art/hyderabad-based-bandi-v-ramana-and-srikanth-alle-curate-donate-through-photography-an-initiative-that-puts-up-limited-edition-archival-inkjet-print-for-sale/article31631788.ece, 2020-05-20
https://www.thehindu.com/brandhub/all-you-need-to-know-about-coronavirus-health-insurance-covers/article31629765.ece, 2020-05-20
https://www.thehindu.com/business/businesslive-20-may-2020/article31629332.ece, 2020-05-20
https://www.thehindu.com/entertainment/movies/boney-kapoor-and-daughters-janhvi-khushi-taking-precautions-after-house-help-tests-positive-for-coronavirus/article31624377.ece, 2020-05-19
https://www.thehindu.com/entertainment/music/composer-percussionst-varun-sunils-lockdown-playlist/article31623686.ece, 2020-05-19
https://www.thehindu.com/news/national/lockdown-40-some-relaxations-some-precautions/article31614959.ece, 2020-05-18
https://www.thehindu.com/news/national/lockdown-40-a-list-of-what-is-allowed/article31614795.ece, 2020-05-18
https://www.thehindu.com/entertainment/music/musical-notes-by-nirali-kartik-in-lockdown-times/article31608461.ece, 2020-05-17
https://www.thehindu.com/entertainment/movies/frozen-musical-becomes-biggest-victim-of-broadway-coronavirus-shutdown/article31591738.ece, 2020-05-15
https://www.thehindu.com/entertainment/movies/naman-ramachandran-on-pedro-almodovars-lockdown-diaries/article31589557.ece, 2020-05-15
https://www.thehindu.com/entertainment/movies/wong-kar-wai-to-begin-shooting-for-blossoms-in-china-from-july/article31583329.ece, 2020-05-14
https://www.thehindu.com/entertainment/art/covid-19-how-artists-in-visakhapatnam-have-turned-the-pandemic-into-their-muse/article31583074.ece, 2020-05-14
https://www.thehindu.com/news/cities/bangalore/watch-passengers-protesting-at-bengaluru-city-railway-station-over-mandatory-institutional-quarantine/article31580495.ece, 2020-05-14
https://www.thehindu.com/entertainment/movies/telugu-actor-nikhil-siddartha-marries-girlfriend-pallavi-sharma-in-lockdown-wedding/article31580255.ece, 2020-05-14
https://www.thehindu.com/business/Economy/coronavirus-package-nirmala-sitharaman-announces-major-stimulus-package-for-msmes/article31573533.ece, 2020-05-13
https://www.thehindu.com/news/international/cyberthreats-during-the-covid-19-pandemic/article31572810.ece, 2020-05-13
https://www.thehindu.com/business/businesslive-12-may-2020/article31563015.ece, 2020-05-12
https://www.thehindu.com/entertainment/movies/kaniha-releases-her-directorial-debut-maa-braving-lockdown/article31557467.ece, 2020-05-11
https://www.thehindu.com/entertainment/movies/dil-raju-telugu-producer-of-v-and-vakeel-saab-gets-hitched-for-second-time-amid-coronavirus-pandemic/article31556235.ece, 2020-05-11
https://www.thehindu.com/entertainment/movies/sunny-leone-travels-to-the-usa-with-family-amid-coronavirus-pandemic/article31556149.ece, 2020-05-11
https://www.thehindu.com/entertainment/model-poonam-pandey-booked-for-violating-lockdown-norms/article31553295.ece, 2020-05-11
https://www.thehindu.com/photos/in-pictures-day-46-of-coronavirus-lockdown-gives-people-the-heebie-jeebies/article31545050.ece, 2020-05-09
https://www.thehindu.com/entertainment/movies/salman-khan-jacquelines-song-shot-in-lockdown-is-his-cheapest-production/article31542946.ece, 2020-05-09
https://www.thehindu.com/entertainment/music/live-on-instagram-sona-mohapatra-on-staying-creative-during-the-lockdown/article31542705.ece, 2020-05-09
https://www.thehindu.com/entertainment/movies/creative-pursuits-of-writing-and-playing-music-keep-shruti-haasan-busy-during-lockdown/article31542257.ece, 2020-05-09
https://www.thehindu.com/entertainment/music/covid-19-miley-cyrus-understands-that-the-pandemic-has-been-rough-for-a-lot-of-people-in-the-us/article31541688.ece, 2020-05-09
https://www.thehindu.com/multimedia/in-pictures-day-45-of-coronavirus-lockdown-leaves-people-in-limbo/article31536276.ece, 2020-05-08
https://www.thehindu.com/multimedia/in-pictures-a-bundle-of-nerves-on-day-44-of-coronavirus-lockdown/article31527796.ece, 2020-05-08
https://www.thehindu.com/entertainment/movies/what-going-to-the-movies-post-the-pandemic-might-look-like/article31534605.ece, 2020-05-08
https://www.thehindu.com/entertainment/music/how-indian-independent-artistes-are-creating-music-during-and-about-the-lockdown/article31534155.ece, 2020-05-08
https://www.thehindu.com/entertainment/movies/pain-glory-and-scandal/article31527921.ece, 2020-05-07
https://www.thehindu.com/entertainment/music/selena-gomez-to-host-quarantine-cooking-show/article31524630.ece, 2020-05-07
https://www.thehindu.com/entertainment/art/yosha-gupta-of-memeraki-on-the-folk-art-worksops-and-how-art-enthusiasts-across-the-world-are-learning-from-the-masters-in-india/article31524603.ece, 2020-05-07
https://www.thehindu.com/brandhub/tips-for-a-fitter-you-during-lockdown/article31523735.ece, 2020-05-07
https://www.thehindu.com/business/businesslive-7-may-2020/article31523316.ece, 2020-05-07
https://www.thehindu.com/entertainment/art/priyanka-banerjee-painting-deer-in-coronavirus-times/article31523295.ece, 2020-05-07
https://www.thehindu.com/news/national/in-pictures-india-braving-the-virus-spread-as-lockdown-enters-day-43/article31517956.ece, 2020-05-06
https://www.thehindu.com/entertainment/music/neha-kakkar-tony-kakkar-sonu-kakkar-in-search-of-lockdown-singing-superstar-for-zee-tvs-ghar-ghar-singer/article31515827.ece, 2020-05-06
https://www.thehindu.com/multimedia/in-pictures-coronavirus-lockdown-day-42/article31509105.ece, 2020-05-05
https://www.thehindu.com/photos/in-pictures-brewing-blues-on-day-41-of-coronavirus-lockdown/article31503523.ece, 2020-05-04
https://www.thehindu.com/business/businesslive-4-may-2020/article31497761.ece, 2020-05-04
https://www.thehindu.com/specials/the-hindu-explains-coronavirus-antibody-tests-covid-19-vaccine-and-mutual-funds/article31492361.ece, 2020-05-03
https://www.thehindu.com/specials/coronavirus-lockdown-and-the-state-of-state-finances/article31491333.ece, 2020-05-02
https://www.thehindu.com/news/national/in-pictures-coronavirus-lockdown-day-39/article31486806.ece, 2020-05-02
https://www.thehindu.com/entertainment/movies/madonna-says-she-has-coronavirus-antibodies-and-will-breathe-in-the-covid-19-air/article31487748.ece, 2020-05-02
https://www.thehindu.com/entertainment/music/indie-musicians-in-kerala-turn-to-digital-concerts-during-the-lockdown/article31487480.ece, 2020-05-02
https://www.thehindu.com/entertainment/art/view-from-my-window-covid-19-lockdown/article31481968.ece, 2020-05-01
https://www.thehindu.com/entertainment/music/coronavirus-lockdown-live-gis-by-norah-jones-new-york-guitar-fest-and-royal-albert-hall/article31481954.ece, 2020-05-01
https://www.thehindu.com/news/national/in-pictures-coronavirus-lockdown-day-38/article31481104.ece, 2020-05-01
https://www.thehindu.com/photos/in-pictures-coronavirus-lockdown-day-37/article31470408.ece, 2020-04-30
https://www.thehindu.com/entertainment/music/indie-songs-create-during-coronavirus-lockdown-in-chennai/article31463647.ece, 2020-04-29
https://www.thehindu.com/news/national/in-pictures-coronavirus-lockdown-day-36/article31461664.ece, 2020-04-29
https://www.thehindu.com/entertainment/movies/golden-globes-alters-eligibility-rules-due-to-coronavirus-crisis/article31460271.ece, 2020-04-29
https://www.thehindu.com/entertainment/movies/madhuri-dixit-to-organise-virtual-dance-fest-to-help-people-amidst-pandemic/article31453917.ece, 2020-04-28
https://www.thehindu.com/photos/in-pictures-coronavirus-lockdown-day-35/article31452661.ece, 2020-04-28
https://www.thehindu.com/entertainment/roadies-revolution-will-hold-virtual-auditions-amid-coronavirus-pandemic/article31445902.ece, 2020-04-27
https://www.thehindu.com/entertainment/movies/bhumi-pedenkar-to-help-people-tackle-emotional-eating-during-lockdown/article31445601.ece, 2020-04-27
https://www.thehindu.com/news/cities/Delhi/delhi-smog-clears-amid-covid-19-lockdown/article31443857.ece, 2020-04-27
https://www.thehindu.com/news/national/in-pictures-coronavirus-lockdown-day-34/article31442933.ece, 2020-04-27
https://www.thehindu.com/entertainment/music/minu-bakshi-ghazal-for-a-cause/article31433287.ece, 2020-04-25
https://www.thehindu.com/photos/in-pictures-markets-in-tamil-nadu-see-huge-crowds-ahead-of-complete-lockdown/article31432955.ece, 2020-04-25
https://www.thehindu.com/entertainment/movies/marvel-sonys-spider-man-sequels-delayed-amidst-coronavirus-pandemic/article31431676.ece, 2020-04-25
https://www.thehindu.com/entertainment/music/the-rolling-stones-quarantine-song-living-in-a-ghost-town-written-by-mick-jagger-and-keith-richards-is-about-covid-19-isolation/article31431076.ece, 2020-04-25
https://www.thehindu.com/entertainment/music/coronavirus-lockdwn-live-music-lists-includes-new-york-jazz-and-indian-indie-singers/article31425269.ece, 2020-04-24
https://www.thehindu.com/photos/in-pictures-day-31-of-the-coronavirus-nationwide-lockdown/article31425161.ece, 2020-04-24
https://www.thehindu.com/entertainment/music/jigar-saraiya-of-sachin-jigar-bollywood-composer-duo-says-indie-music-could-benefit-from-lockdown/article31421262.ece, 2020-04-24
https://www.thehindu.com/news/national/in-pictures-coronavirus-lockdown-day-30/article31413661.ece, 2020-04-23
https://www.thehindu.com/entertainment/movies/kabir-bedi-writes-his-autobiography-during-lockdown/article31413942.ece, 2020-04-23
https://www.thehindu.com/entertainment/movies/tiff-could-go-digital-amid-coronavirus-pandemic-say-organisers/article31412782.ece, 2020-04-23
https://www.thehindu.com/news/national/in-pictures-pan-india-coronavirus-lockdown-enters-day-29/article31404030.ece, 2020-04-22
https://www.thehindu.com/entertainment/movies/vijay-pledges-130-crores-to-coronavirus-relief-fund/article31403898.ece, 2020-04-22
https://www.thehindu.com/entertainment/music/swarathma-bassist-jishnu-dasgupta-has-lockdown-playlist-recommendations-for-you/article31397267.ece, 2020-04-21
https://www.thehindu.com/entertainment/music/creativity-gets-a-boost-during-the-period-of-social-distancing-an-example-is-long-distance-musical-collaborations/article31396344.ece, 2020-04-21
https://www.thehindu.com/news/national/in-pictures-coronavirus-lockdown-day-28/article31395472.ece, 2020-04-21
https://www.thehindu.com/entertainment/movies/tom-hanks-speaks-about-his-coronavirus-battle-and-ongoing-recovery/article31395188.ece, 2020-04-21
https://www.thehindu.com/sci-tech/health/the-immune-systems-response-to-a-coronavirus-attack/article31394305.ece, 2020-04-21
https://www.thehindu.com/business/businesslive-21-april-2020/article31393458.ece, 2020-04-21
https://www.thehindu.com/entertainment/danish-sait-on-his-lockdown-videos-and-that-bangalore-accent/article31389141.ece, 2020-04-20
https://www.thehindu.com/news/national/in-pictures-coronavirus-lockdown-day-27/article31386412.ece, 2020-04-20
https://www.thehindu.com/business/businesslive-20-april-2020/article31385585.ece, 2020-04-20
https://www.thehindu.com/news/national/in-pictures-coronavirus-lockdown-day-26/article31380904.ece, 2020-04-19
https://www.thehindu.com/entertainment/lady-gaga-beyonce-kick-off-tv-love-letter-celebrating-coronavirus-frontline-workers/article31380040.ece, 2020-04-19
https://www.thehindu.com/specials/the-hindu-explains-lockdown-benefits-plasma-therapy-and-us-freeze-on-who-funding/article31379105.ece, 2020-04-19
https://www.thehindu.com/entertainment/music/your-lockdown-guide-to-live-performances-includes-an-international-music-festival-from-mexico/article31374759.ece, 2020-04-18
https://www.thehindu.com/news/national/in-pictures-day-25-of-the-coronavirus-lockdown/article31373985.ece, 2020-04-18
https://www.thehindu.com/entertainment/movies/naveen-polishettys-quarantine-videos-add-a-dash-of-humour-during-lockdown/article31373832.ece, 2020-04-18
https://www.thehindu.com/entertainment/art/art-in-the-time-of-covid-19-online-viewing-rooms-are-like-groping-in-the-dark/article31372791.ece, 2020-04-18
https://www.thehindu.com/entertainment/movies/coronavirus-death-allen-daviau-cinematographer-of-et-van-helsing-dies-at-77/article31364211.ece, 2020-04-17
https://www.thehindu.com/news/national/in-pictures-the-coronavirus-lockdown-day-24/article31363965.ece, 2020-04-17
https://www.thehindu.com/entertainment/movies/farah-khan-ali-tests-negative-for-covid-19-in-quarantine-for-two-weeks/article31362951.ece, 2020-04-17
https://www.thehindu.com/news/national/covid-19-lockdown-day-23/article31355039.ece, 2020-04-16
https://www.thehindu.com/entertainment/janhavi-dasetty-aka-mahathalli-gets-real-about-her-popular-lockdown-and-quarantine-youtube-videos/article31354370.ece, 2020-04-16
https://www.thehindu.com/news/national/guidelines-for-extended-lockdown/article31353597.ece, 2020-04-16
https://www.thehindu.com/opinion/cartoon/coronavirus-our-daily-cartoons/article31353865.ece, 2020-04-16
https://www.thehindu.com/entertainment/movies/watch-salman-khan-berates-people-breaking-lockdown-rules-salutes-healthcare-workers-in-video/article31353952.ece, 2020-04-16
https://www.thehindu.com/entertainment/movies/want-to-act-with-leonardo-dicaprio-and-robert-de-niro-donate-to-fight-the-coronavirus-pandemic/article31353439.ece, 2020-04-16
https://www.thehindu.com/entertainment/movies/sanjay-mishra-pankaj-kapurs-office-office-back-on-television-during-coronavirus-lockdown/article31346162.ece, 2020-04-15
https://www.thehindu.com/news/national/in-pictures-coronavirus-lockdown-day-21/article31339926.ece, 2020-04-14
https://www.thehindu.com/entertainment/theatre/covid-19-lockdown-is-a-testing-time-for-surabhi-theatre-artistes-in-hyderabad/article31338729.ece, 2020-04-14
https://www.thehindu.com/news/national/pm-modis-address-to-the-nation-live/article31336207.ece, 2020-04-14
https://www.thehindu.com/entertainment/movies/guardians-of-the-galaxy-3-the-suicide-squad-will-not-be-delayed-due-to-covid-19-pandemic/article31329087.ece, 2020-04-13
https://www.thehindu.com/entertainment/movies/tom-hanks-post-coronavirus-recovery-hosts-experimental-snl-from-his-kitchen/article31328405.ece, 2020-04-13
https://www.thehindu.com/news/national/in-pictures-the-coronavirus-lockdown-day-20/article31327989.ece, 2020-04-13
https://www.thehindu.com/todays-paper/tp-national/tp-kerala/hats-off-to-covid-warriors/article31326684.ece, 2020-04-13
https://www.thehindu.com/entertainment/movies/coronavirus-comedian-tim-brooke-taylor-of-the-goodies-dies/article31324173.ece, 2020-04-12
https://www.thehindu.com/photos/in-pictures-easter-sunday-amid-the-pandemic/article31322820.ece, 2020-04-12
https://www.thehindu.com/specials/the-hindu-explains-immune-system-response-to-coronavirus-dos-and-donts-of-wearing-masks-and-lockdown-options/article31320505.ece, 2020-04-12
https://www.thehindu.com/entertainment/music/here-is-why-indian-artistes-are-thrilled-to-gain-digital-audiences-during-lockdown/article31317839.ece, 2020-04-11
https://www.thehindu.com/entertainment/movies/doctors-of-a-hospital-in-kerala-dance-to-an-evergreen-film-song-to-boost-morale-during-covid-19-lockdown/article31316675.ece, 2020-04-11
https://www.thehindu.com/news/national/kerala/kerala-fm-thomas-isaac-on-the-economic-fallout-of-the-coronavirus-pandemic/article31314902.ece, 2020-04-11
https://www.thehindu.com/entertainment/theatre/how-to-support-the-arts-during-a-pandemic/article31312549.ece, 2020-04-10
https://www.thehindu.com/entertainment/how-late-show-hosts-are-working-through-the-coronavirus-quarantine/article31310319.ece, 2020-04-10
https://www.thehindu.com/entertainment/art/a-virtual-tour-of-germanys-photography-biennale-for-art-lovers-under-lockdown/article31309540.ece, 2020-04-10
https://www.thehindu.com/entertainment/dance/two-dancers-from-kerala-launch-online-dance-battle-for-those-who-pursue-different-dance-styles-during-covid-19-lockdown/article31309471.ece, 2020-04-10
https://www.thehindu.com/entertainment/movies/lets-call-it-a-day-stand-up-comic-supriya-joshis-lockdown-life/article31309193.ece, 2020-04-10
https://www.thehindu.com/entertainment/movies/salman-khan-spends-lockdown-at-panvel-farmhouse-eats-leaves-for-breakfast-with-his-horse/article31309071.ece, 2020-04-10
https://www.thehindu.com/entertainment/movies/harvey-weinstein-has-no-more-coronavirus-symptoms/article31308280.ece, 2020-04-10
https://www.thehindu.com/entertainment/you-can-now-watch-select-apple-tv-plus-titles-for-free-during-coronavirus-lockdown/article31308198.ece, 2020-04-10
https://www.thehindu.com/entertainment/movies/covid-19-malayalam-short-filmmakers-focus-on-various-takes-on-coronavirus/article31307860.ece, 2020-04-10
https://www.thehindu.com/entertainment/movies/framed-in-solitude-when-films-resonate-with-our-pandemic-experience/article31307691.ece, 2020-04-10
https://www.thehindu.com/news/national/in-pictures-coping-with-coronavirus-lockdown-day-17/article31306343.ece, 2020-04-10
https://www.thehindu.com/business/businesslive-10-april-2020/article31305402.ece, 2020-04-10
https://www.thehindu.com/entertainment/movies/when-films-become-guidebooks-to-surviving-a-pandemic/article31302053.ece, 2020-04-09
https://www.thehindu.com/entertainment/art/beating-quarantine-blues-people-are-recreating-famous-artworks-with-objects-at-home/article31299037.ece, 2020-04-09
https://www.thehindu.com/entertainment/movies/okja-and-kumbalangi-nights-to-nanette-here-are-rahul-ravindrans-recommendations-for-lockdown-watch-list/article31298887.ece, 2020-04-09
https://www.thehindu.com/entertainment/movies/three-film-makers-from-the-city-pick-their-favourite-films-to-watch-and-urge-you-to-do-the-same-safely-from-home/article31297339.ece, 2020-04-09
https://www.thehindu.com/news/cities/Hyderabad/corona-car-spreads-awareness-on-the-pandemic/article31296556.ece, 2020-04-09
https://www.thehindu.com/news/national/in-pictures-coping-with-coronavirus-lockdown-day-16-april-9-2020/article31295916.ece, 2020-04-09
https://www.thehindu.com/entertainment/art/photographer-asks-family-to-wear-masks-at-home-to-show-a-dystopian-future/article31290899.ece, 2020-04-08
https://www.thehindu.com/entertainment/movies/film-producer-karim-morani-man-behind-several-srk-films-tests-positive-for-coronavirus/article31290133.ece, 2020-04-08
https://www.thehindu.com/entertainment/art/kochi-water-colourist-sujit-sudhi-tribute-to-countries-affected-by-covid-19/article31289679.ece, 2020-04-08
https://www.thehindu.com/entertainment/how-harry-potter-and-jk-rowling-are-giving-hope-to-people-during-the-pandemic/article31289237.ece, 2020-04-08
https://www.thehindu.com/news/national/in-pictures-coronavirus-india-april-8/article31287981.ece, 2020-04-08
https://www.thehindu.com/entertainment/music/music-band-swaraags-new-song-ja-ja-re-coronavirus-has-a-rajasthani-vibe/article31287314.ece, 2020-04-08
https://www.thehindu.com/entertainment/american-folk-singer-john-prine-dies-from-coronavirus-at-73/article31287032.ece, 2020-04-08
https://www.thehindu.com/entertainment/music/priya-r-pai-recorded-the-song-to-exhort-people-to-stay-strong-and-not-get-bogged-down-by-the-lockdown/article31286592.ece, 2020-04-08
https://www.thehindu.com/business/businesslive-8-april-2020/article31285794.ece, 2020-04-08
https://www.thehindu.com/entertainment/movies/lockdown-cheer-from-moonu-to-master-anirudh-ravichander-enthralls-fans-with-live-youtube-concert/article31285557.ece, 2020-04-08
https://www.thehindu.com/news/national/in-pictures-prevention-measures-continue-on-day-14-of-lockdown/article31284014.ece, 2020-04-07
https://www.thehindu.com/entertainment/movies/actor-purab-kohli-says-that-he-and-his-family-are-diagnosed-with-coronavirus/article31281303.ece, 2020-04-07
https://www.thehindu.com/entertainment/movies/actor-ajith-contributes-125-crores-to-coronavirus-fund/article31279528.ece, 2020-04-07
https://www.thehindu.com/entertainment/movies/srk-priyanka-chopra-part-of-lady-gagas-one-world-concert-to-raise-funds-for-covid-19-pandemic/article31278192.ece, 2020-04-07
https://www.thehindu.com/entertainment/music/evan-rachel-wood-takes-piano-lessons-and-does-gardening/article31277542.ece, 2020-04-07
https://www.thehindu.com/news/national/in-pictures-coronavirus-struggles-13-days-and-still-counting/article31272173.ece, 2020-04-06
https://www.thehindu.com/entertainment/your-lockdown-podcast-recommendations-include-nasa-astronauts-indian-scientists-and-more/article31271251.ece, 2020-04-06
https://www.thehindu.com/entertainment/hyderabad-kuchipudi-dancer-deepika-reddy-and-shloka-reddy-appeal-for-empathy-towards-doctors-fighting-coronavirus/article31267981.ece, 2020-04-06
https://www.thehindu.com/entertainment/jaws-actor-lee-fierro-dies-of-coronavirus-complications/article31266949.ece, 2020-04-06
https://www.thehindu.com/business/businesslive-6-april-2020/article31266617.ece, 2020-04-06
https://www.thehindu.com/specials/the-hindu-explains-coronavirus-clusters-sars-cov-2s-staying-power-emi-moratorium-and-indias-response-to-crude-price-fall/article31260503.ece, 2020-04-05
https://www.thehindu.com/news/national/in-pictures-as-numbers-rise-daily-life-continues-on-day-11-of-lockdown/article31257818.ece, 2020-04-04
https://www.thehindu.com/entertainment/movies/pvr-to-explore-social-distancing-in-its-theatres-after-lockdown/article31257500.ece, 2020-04-04
https://www.thehindu.com/entertainment/movies/shah-rukh-khan-offers-his-office-to-bmc-quarantine-facility-for-treating-coronavirus-patients/article31256328.ece, 2020-04-04
https://www.thehindu.com/entertainment/dance/battery-dance-tvs-online-tv-channel-presents-free-live-dance-classes-and-programming-to-dance-enthusiasts-across-the-globe/article31256034.ece, 2020-04-04
https://www.thehindu.com/entertainment/art/four-artists-from-coimbatore-offer-tips-on-how-to-stimulate-your-creative-side-with-things-found-at-home/article31256017.ece, 2020-04-04
https://www.thehindu.com/entertainment/music/nagalands-alobo-naga-takes-to-online-concerts-to-spread-cheer/article31255862.ece, 2020-04-04
https://www.thehindu.com/news/national/in-pictures-the-fight-against-coronavirus-continues-on-day-10-of-lockdown/article31249242.ece, 2020-04-03
https://www.thehindu.com/entertainment/movies/literary-documentaries-to-watch-about-joan-didion-ted-hughes-jg-ballard-gore-vidal-and-james-ellroy-during-the-lockdown/article31249406.ece, 2020-04-03
https://www.thehindu.com/entertainment/movies/the-yogi-bear-show-voice-actor-julie-bennet-dies-of-coronavirus/article31246040.ece, 2020-04-03
https://www.thehindu.com/society/coronavirus-the-yeas-and-nays-of-working-from-home/article31245857.ece, 2020-04-03
https://www.thehindu.com/entertainment/movies/tom-cruise-confirms-top-gun-maverick-release-pushed-to-december-due-to-coronavirus/article31245141.ece, 2020-04-03
https://www.thehindu.com/entertainment/british-comedian-eddie-large-dies-of-coronavirus/article31244687.ece, 2020-04-03
https://www.thehindu.com/entertainment/shah-rukh-khan-lends-hand-to-coronavirus-fight-on-several-fronts/article31242287.ece, 2020-04-03
https://www.thehindu.com/multimedia/in-pictures-slices-of-life-on-day-9-of-coronavirus-lockdown/article31238108.ece, 2020-04-02
https://www.thehindu.com/entertainment/legendary-jazz-musician-ellis-marsalis-jr-dies-of-coronavirus-at-85/article31238079.ece, 2020-04-02
https://www.thehindu.com/entertainment/movies/parasite-atlantics-and-eight-other-foreign-films-you-should-binge-watch-while-in-quarantine/article31237400.ece, 2020-04-02
https://www.thehindu.com/entertainment/movies/sunny-leone-starts-quarantine-chat-show-in-wake-of-coronairus-lockdown/article31236283.ece, 2020-04-02
https://www.thehindu.com/news/national/air-quality-improves-in-india-amid-lockdown/article31234638.ece, 2020-04-02
https://www.thehindu.com/entertainment/art/childrens-fine-art-gallery-calls-for-young-artists-across-india-to-compete-and-display-their-art-works-digitally/article31235058.ece, 2020-04-02
https://www.thehindu.com/entertainment/music/have-you-seen-the-new-baby-shark-song-that-teaches-you-to-wash-your-hands/article31234882.ece, 2020-04-02
https://www.thehindu.com/specials/coronavirus-opeds-and-editorials/article31234013.ece, 2020-04-02
https://www.thehindu.com/sci-tech/health/explaining-the-pandemic-to-those-with-special-needs/article31233410.ece, 2020-04-02
https://www.thehindu.com/news/national/in-pictures-mounting-concerns-on-day-8-of-covid-19-lockdown/article31227690.ece, 2020-04-01
https://www.thehindu.com/entertainment/movies/kannada-actor-filmmaker-guruprasad-starts-new-facebook-show-to-combat-covid-19-lockdown/article31226860.ece, 2020-04-01
https://www.thehindu.com/entertainment/movies/afi-launches-quarantine-movie-club-with-steven-spielberg/article31225918.ece, 2020-04-01
https://www.thehindu.com/entertainment/movies/madhuri-dixits-dance-school-dance-with-madhuri-to-spread-positivity-during-lockdown-will-offer-two-free-online-classes-each-week/article31225852.ece, 2020-04-01
https://www.thehindu.com/entertainment/movies/star-wars-actor-andrew-jack-dies-at-76-of-coronavirus-complications/article31224580.ece, 2020-04-01
https://www.thehindu.com/entertainment/movies/21-year-old-supergirl-star-olivia-nikkanen-tests-positive-for-coronavirus/article31224566.ece, 2020-04-01
https://www.thehindu.com/entertainment/movies/prithviraj-sukumarans-aadujeevitham-team-stuck-in-jordan-requests-return-to-india-amid-coronavirus-pandemic/article31224475.ece, 2020-04-01
https://www.thehindu.com/news/national/in-pictures-vignettes-from-day-7-of-nationwide-coronavirus-lockdown/article31219296.ece, 2020-03-31
https://www.thehindu.com/entertainment/music/furtados-school-of-music-helps-children-beat-lockdown-blues-by-conducting-online-classes-through-its-app-fsmbuddy/article31217689.ece, 2020-03-31
https://www.thehindu.com/entertainment/movies/lata-mangeshkar-priyanka-chopra-vicky-kaushal-pledge-donations-to-coronavirus-funds/article31216955.ece, 2020-03-31
https://www.thehindu.com/entertainment/movies/coronavirus-effect-on-tamil-film-industrys-daily-wagers-is-there-light-at-the-end-of-the-tunnel/article31216364.ece, 2020-03-31
https://www.thehindu.com/news/national/karnataka/milkmen-disposed-1500-litres-of-milk-due-to-covid-19-lockdown/article31216278.ece, 2020-03-31
https://www.thehindu.com/entertainment/art/hyderabad-art-societys-new-initiative-brings-artists-together-to-paint-their-perspective-on-lockdown/article31215774.ece, 2020-03-31
https://www.thehindu.com/entertainment/youtube-originals-films-and-web-series-to-binge-during-lockdown/article31215322.ece, 2020-03-31
https://www.thehindu.com/entertainment/movies/want-a-dinner-date-with-khaleesi-donate-to-the-coronavirus-fund/article31215144.ece, 2020-03-31
https://www.thehindu.com/news/national/coronavirus-trains-and-stadiums-turn-covid-19-quarantine-facilities/article31215080.ece, 2020-03-31
https://www.thehindu.com/specials/lockdown-displaces-lakhs-of-migrants/article31214375.ece, 2020-03-31
https://www.thehindu.com/data/in-numbers-the-covid-19-pandemic/article31214400.ece, 2020-03-31
https://www.thehindu.com/news/national/coronavirus-lockdown-woes-galore-on-day-6/article31210275.ece, 2020-03-30
https://www.thehindu.com/news/national/significance-of-the-21-day-lockdown-period/article31205541.ece, 2020-03-30
https://www.thehindu.com/entertainment/movies/nithiin-postpones-wedding-following-covid-19-outbreak-and-lockdown/article31205023.ece, 2020-03-30
https://www.thehindu.com/entertainment/music/from-sofas-and-kitchens-music-stars-hold-coronavirus-concert-fundraiser/article31204181.ece, 2020-03-30
https://www.thehindu.com/entertainment/music/alan-merrill-songwriter-of-i-love-rock-n-roll-dies-at-69-due-to-coronavirus/article31204051.ece, 2020-03-30
https://www.thehindu.com/entertainment/country-music-star-joe-diffie-dies-of-coronavirus/article31203025.ece, 2020-03-30
https://www.thehindu.com/entertainment/salmanv-khan-to-help-25000-workers-in-film-industry/article31201587.ece, 2020-03-30
https://www.thehindu.com/entertainment/art/ngma-launches-virtual-tour-of-permanent-collection-amid-lockdown/article31198545.ece, 2020-03-29
https://www.thehindu.com/entertainment/coronavirus-iranian-artistes-write-open-letter-on-covid-19-and-us-sanctions/article31196911.ece, 2020-03-29
https://www.thehindu.com/news/national/in-pictures-coronavirus-lockdown-day-4/article31191916.ece, 2020-03-28
https://www.thehindu.com/entertainment/music/this-tamil-music-video-on-coronavirus-integrates-the-folk-art-forms-of-tamil-nadu/article31192700.ece, 2020-03-28
https://www.thehindu.com/entertainment/art/trending-now-cartoonists-on-social-media-fight-fake-news-during-the-covid-19-lockdown/article31191907.ece, 2020-03-28
https://www.thehindu.com/entertainment/music/ram-miriyala-band-chowraasta-new-coronavirus-song-chetuletti-mokkuta/article31191524.ece, 2020-03-28
https://www.thehindu.com/entertainment/movies/chennai-corporation-removes-quarantine-sticker-from-kamal-haasans-alwarpet-residence/article31190916.ece, 2020-03-28
https://www.thehindu.com/entertainment/music/sangeetha-ksheera-sagaram-live-streamed-its-concerts-days-before-the-lockdown/article31190345.ece, 2020-03-28
https://www.thehindu.com/news/national/other-states/watch-galo-tribes-staging-indigenous-lockdown-ritual/article31189703.ece, 2020-03-28
https://www.thehindu.com/entertainment/angelina-jolie-donates-1-million-to-feed-underprivileged-kids-in-wake-of-coronavirus-pandemic/article31184151.ece, 2020-03-27
https://www.thehindu.com/entertainment/movies/marvel-film-star-evangeline-lilly-apologises-for-insensitive-comments-on-coronavirus-fear/article31183448.ece, 2020-03-27
https://www.thehindu.com/entertainment/art/coronavirus-and-art-in-a-petri-dish/article31182970.ece, 2020-03-27
https://www.thehindu.com/entertainment/radio-jockeys-are-working-from-home-during-covid-19-lockdown/article31182593.ece, 2020-03-27
https://www.thehindu.com/entertainment/movies/actor-allu-arjun-donates-rs-125-crores-for-coronavirus-aid/article31181262.ece, 2020-03-27
https://www.thehindu.com/news/national/in-pictures-coronavirus-lockdown-day-3/article31181679.ece, 2020-03-27
https://www.thehindu.com/entertainment/movies/telugu-comfort-films-to-watch-during-lockdown/article31179418.ece, 2020-03-27
https://www.thehindu.com/entertainment/movies/you-and-crocodile-dundee-actor-mark-blum-dies-of-coronavirus-complications/article31179016.ece, 2020-03-27
https://www.thehindu.com/entertainment/telugu-actors-loosen-their-purse-strings/article31176453.ece, 2020-03-26
https://www.thehindu.com/thread/can-we-use-the-lockdown-to-remodel-social-hierarchies/article31174984.ece, 2020-03-26
https://www.thehindu.com/news/national/coronavirus-india-march-26-pictures/article31172418.ece, 2020-03-26
https://www.thehindu.com/entertainment/movies/what-are-kollywood-stars-learning-this-lockdown-season/article31173603.ece, 2020-03-26
https://www.thehindu.com/entertainment/movies/south-korean-drama-my-secret-terrius-predicted-the-coronavirus-pandemic-find-netflix-users/article31173082.ece, 2020-03-26
https://www.thehindu.com/entertainment/art/how-this-kerala-visual-artist-captures-different-aspects-of-the-coronavirus-outbreak/article31173075.ece, 2020-03-26
https://www.thehindu.com/entertainment/movies/after-chiranjeevi-ram-charan-also-joins-twitter-donates-70-lakh-to-coronavirus-aid/article31170343.ece, 2020-03-26
https://www.thehindu.com/news/national/india-coronavirus-lockdown-day-2-updates-march-26-2020/article31169318.ece, 2020-03-26
https://www.thehindu.com/data/coronavirus-patient-data-from-singapore-south-korea-shows-physical-distancing-is-the-only-option/article31166799.ece, 2020-03-25
https://www.thehindu.com/entertainment/movies/the-medical-consultant-for-steven-soderberghs-contagion-has-now-tested-positive-for-coronavirus/article31164479.ece, 2020-03-25
https://www.thehindu.com/news/national/coronavirus-india-march-25-pictures/article31162119.ece, 2020-03-25
https://www.thehindu.com/entertainment/movies/hrithik-roshan-and-sussane-khan-are-living-together-again-to-co-parent-kids-during-coronavirus-lockdown/article31164046.ece, 2020-03-25
https://www.thehindu.com/entertainment/the-beatles-collaborator-musician-cy-tucker-dies-from-coronavirus/article31163931.ece, 2020-03-25
https://www.thehindu.com/entertainment/art/how-artistes-from-various-art-forms-are-coping-as-all-cultural-programmes-have-been-cancelled-due-to-the-coronavirus-lockdown/article31162263.ece, 2020-03-25
https://www.thehindu.com/entertainment/theatre/pune-based-swatantra-theatres-new-play-sheher-e-naqab-brings-focus-on-coronavirus/article31161979.ece, 2020-03-25
https://www.thehindu.com/entertainment/movies/stars-of-mollywood-show-how-ordinary-folks-can-turn-superstars-in-the-time-of-the-coronavirus/article31161471.ece, 2020-03-25
https://www.thehindu.com/entertainment/music/percussionists-and-musicians-of-melams-are-finding-it-tough-to-sustain-their-livelihood-as-temples-cancel-all-festivities-to-stop-the-spread-of-the-coronavirus/article31161289.ece, 2020-03-25
https://www.thehindu.com/entertainment/four-quarantine-playlists-to-zone-in-out-to-during-the-coronavirus-shutdown/article31161014.ece, 2020-03-25
https://www.thehindu.com/entertainment/multiplayer-video-games-to-keep-you-socialising-during-the-covid-19-lockdown/article31160860.ece, 2020-03-25
https://www.thehindu.com/news/national/other-states/yogi-adityanath-shifts-ram-idol-amid-lockdown/article31160269.ece, 2020-03-25
https://www.thehindu.com/entertainment/movies/chiranjeevi-joins-social-media-urges-everyone-to-stay-home-and-safe-during-lockdown/article31160053.ece, 2020-03-25
https://www.thehindu.com/entertainment/what-to-watch-read-listen-to-and-experience-online-while-on-lockdown/article31159846.ece, 2020-03-25
https://www.thehindu.com/news/national/india-coronavirus-lockdown-day-1-updates-march-25-2020/article31159466.ece, 2020-03-25
https://www.thehindu.com/entertainment/movies/this-doctor-uses-coronavirus-quarantine-time-to-make-carantine-videos/article31153235.ece, 2020-03-24
https://www.thehindu.com/news/national/in-pictures-india-in-lockdown-mode/article31152098.ece, 2020-03-24
https://www.thehindu.com/news/international/coronavirus-glass-sculpture-made-by-british-artist/article31151304.ece, 2020-03-24
https://www.thehindu.com/entertainment/istayhomefor-internet-challenge-by-kevin-bacon-for-social-distancing-sees-demi-lovato-david-beckham-and-elton-john-join/article31150740.ece, 2020-03-24
https://www.thehindu.com/entertainment/movies/actor-singer-and-broadway-star-aaron-tveit-tests-positive-for-coronavirus/article31150653.ece, 2020-03-24
https://www.thehindu.com/entertainment/movies/survey-says-that-indian-film-buffs-would-still-go-to-cinema-theatres-despite-coronavirus-scare/article31146981.ece, 2020-03-24
https://www.thehindu.com/entertainment/art/discover-quarantine-art-on-social-media-to-raise-spirits/article31143614.ece, 2020-03-23
https://www.thehindu.com/entertainment/movies/james-bond-actor-olga-kurylenko-completely-recovered-from-coronavirus/article31142916.ece, 2020-03-23
https://www.thehindu.com/entertainment/movies/amitabh-bachchan-deletes-post-on-clapping-vibrations-destroy-virus-potency-after-being-called-out/article31142809.ece, 2020-03-23
https://www.thehindu.com/entertainment/movies/paws-claws-and-jaws-the-best-creature-features-to-get-you-through-the-coronavirus-pandemic/article31141792.ece, 2020-03-23
https://www.thehindu.com/entertainment/movies/netflixs-ted-sarandos-people-are-watching-more-content-amid-coronavirus-pandemic/article31141446.ece, 2020-03-23
https://www.thehindu.com/entertainment/harvey-weinstein-tests-positive-for-coronavirus-in-prison-says-union-official/article31139937.ece, 2020-03-23
https://www.thehindu.com/sci-tech/health/coronavirus-a-silent-scourge-that-sweeps-the-globe/article31131029.ece, 2020-03-22
https://www.thehindu.com/specials/the-hindu-explains-coronavirus-vaccine-low-testing-and-rupees-plunge/article31131123.ece, 2020-03-21
https://www.thehindu.com/entertainment/movies/the-office-is-netflixs-most-watched-acquired-show-during-the-coronavirus-outbreak/article31128568.ece, 2020-03-21
https://www.thehindu.com/sci-tech/technology/whatsapp-and-world-health-organisation-collaborate-for-bot-texting-facility-against-coronavirus-fake-news/article31127354.ece, 2020-03-21
https://www.thehindu.com/entertainment/movies/reality-show-big-brother-contestants-in-germany-and-canada-informed-about-coronavirus-on-live-tv/article31126544.ece, 2020-03-21
https://www.thehindu.com/entertainment/movies/netflix-announces-100-million-coronavirus-relief-fund-to-help-workers-in-the-creative-community/article31123754.ece, 2020-03-21
https://www.thehindu.com/thread/reflections/lessons-from-a-virus-past/article31121317.ece, 2020-03-20
https://www.thehindu.com/news/cities/chennai/in-pictures-chennai-fights-coronavirus/article31117342.ece, 2020-03-20
https://www.thehindu.com/entertainment/baby-doll-singer-kanika-kapoor-confirms-testing-positive-for-coronavirus/article31117476.ece, 2020-03-20
https://www.thehindu.com/entertainment/movies/watch-amitabh-bachchan-alia-bhatt-madhuri-dixit-other-bollywood-stars-feature-in-coronavirus-awareness-video/article31117136.ece, 2020-03-20
https://www.thehindu.com/entertainment/movies/actor-sudheer-babu-shares-home-workout-video-series-in-the-wake-of-covid-19/article31116837.ece, 2020-03-20
https://www.thehindu.com/entertainment/movies/ranveer-singhs-83-also-put-on-hold-due-to-coronavirus/article31116629.ece, 2020-03-20
https://www.thehindu.com/entertainment/covid-19-southern-film-buffs-more-reluctant-to-go-to-the-movies/article31112349.ece, 2020-03-20
https://www.thehindu.com/entertainment/movies/china-to-screen-harry-potter-in-3d-and-4k-to-revive-cinemas-post-coronavirus-pandemic/article31111836.ece, 2020-03-19
https://www.thehindu.com/entertainment/movies/george-rr-martin-using-coronavirus-self-isolation-period-to-finish-next-book-winds-of-winter/article31109436.ece, 2020-03-19
https://www.thehindu.com/entertainment/movies/watch-gal-gadot-and-other-celebrity-friends-sing-john-lennons-imagine-during-coronavirus-pandemic/article31107764.ece, 2020-03-19
https://www.thehindu.com/entertainment/movies/popcorn-time-the-netflix-of-piracy-is-back-during-the-coronavirus-outbreak/article31107689.ece, 2020-03-19
https://www.thehindu.com/entertainment/movies/rajinikanth-commends-government-on-dealing-with-coronavirus-outbreak-asks-state-to-provide-financial-relief/article31107191.ece, 2020-03-19
https://www.thehindu.com/entertainment/movies/indira-varma-becomes-second-game-of-thrones-star-to-test-positive-for-coronavirus/article31106621.ece, 2020-03-19
https://www.thehindu.com/entertainment/movies/friends-reunion-at-hbo-max-faces-delay-after-coronavirus-pandemic/article31106534.ece, 2020-03-19
https://www.thehindu.com/entertainment/movies/coronavirus-scare-richa-chadha-and-ali-fazal-postpone-their-wedding/article31106247.ece, 2020-03-19
https://www.thehindu.com/entertainment/movies/big-b-spreads-awareness-of-bmcs-stamp-for-quarantine/article31103579.ece, 2020-03-19
https://www.thehindu.com/thread/reflections/the-different-shades-of-coronavirus/article31092225.ece, 2020-03-18
https://www.thehindu.com/entertainment/movies/tamil-and-telugu-film-industries-reel-from-coronavirus-outbreak-as-theatres-and-shoots-shut-down/article31098328.ece, 2020-03-18
https://www.thehindu.com/entertainment/producers-guild-to-set-up-fund-for-daily-wage-earners-in-wake-of-coronavirus-shutdown/article31094402.ece, 2020-03-18
https://www.thehindu.com/todays-paper/tp-in-school/coronavirus-impact/article31094829.ece, 2020-03-18
https://www.thehindu.com/entertainment/movies/game-of-thrones-star-kristofer-hivju-tests-positive-for-coronavirus/article31089488.ece, 2020-03-17
https://www.thehindu.com/business/businesslive-17-march-2020/article31088501.ece, 2020-03-17
https://www.thehindu.com/entertainment/british-actor-idris-elba-says-he-has-tested-positive-for-coronavirus/article31085886.ece, 2020-03-17
https://www.thehindu.com/entertainment/kitho-aaya-corona-coronavirus-bhajan-by-singer-narendra-chanchal-goes-viral/article31080720.ece, 2020-03-16
https://www.thehindu.com/entertainment/movies/james-bond-star-olga-kurylenko-tests-positive-for-coronavirus/article31080237.ece, 2020-03-16
https://www.thehindu.com/entertainment/movies/coronavirus-concern-over-future-of-daily-wage-earners-as-film-bodies-decide-to-halt-all-shoots/article31076042.ece, 2020-03-15
https://www.thehindu.com/entertainment/music/us-students-banish-virus-blues-with-sunshinesongs/article31075858.ece, 2020-03-15
https://www.thehindu.com/entertainment/movies/why-is-steven-soderberghs-2011-movie-contagion-suddenly-viral-it-predicted-the-coronavirus/article31067989.ece, 2020-03-14
https://www.thehindu.com/entertainment/movies/tom-hanks-and-rita-wilson-are-taking-it-one-day-at-a-time-after-coronavirus-diagnosis/article31058660.ece, 2020-03-13
https://www.thehindu.com/entertainment/movies/delhi-cinema-closure-rattles-bollywood/article31054448.ece, 2020-03-13
https://www.thehindu.com/todays-paper/tp-national/tp-otherstates/devotion-in-the-time-of-pandemic/article31055503.ece, 2020-03-13
https://www.thehindu.com/entertainment/tom-hanks-announces-positive-test-for-coronavirus/article31046477.ece, 2020-03-12
https://www.thehindu.com/entertainment/movies/kollywood-in-the-time-of-coronavirus/article31041030.ece, 2020-03-11
https://www.thehindu.com/entertainment/movies/coronavirus-harry-potter-star-daniel-radcliffe-denies-testing-positive-for-covid-19/article31039866.ece, 2020-03-11
https://www.thehindu.com/business/businesslive-10-march-2020/article31029301.ece, 2020-03-10
https://www.thehindu.com/specials/the-hindu-explains-yes-bank-bailout-supreme-court-order-on-cryptocurrencies-and-indias-coronavirus-response/article31012284.ece, 2020-03-08
https://www.thehindu.com/entertainment/movies/covd-19-iifa-2020-ceremony-postponed-due-to-coronavirus-outbreak-scare/article31000448.ece, 2020-03-06
https://www.thehindu.com/entertainment/movies/cannes-film-festival-to-go-ahead-despite-concerns-over-coronavirus-outbreak/article30995336.ece, 2020-03-06
https://www.thehindu.com/entertainment/covid-19-pop-star-khalid-postpones-india-tour-amidst-coronavirus-scare/article30989344.ece, 2020-03-05
https://www.thehindu.com/entertainment/movies/james-bond-movie-release-pushed-back-seven-months-amid-coronavirus/article30986101.ece, 2020-03-05
https://www.thehindu.com/todays-paper/tp-in-school/keeping-the-virus-at-bay/article30986110.ece, 2020-03-05
https://www.thehindu.com/todays-paper/tp-in-school/keeping-the-virus-at-bay/article30986110.ece, 2020-03-05
https://www.thehindu.com/entertainment/movies/saudi-arabias-first-film-festival-postponed/article30983769.ece, 2020-03-04
https://www.thehindu.com/business/businesslive-4-march-2020/article30978774.ece, 2020-03-04
https://www.thehindu.com/news/international/why-is-covid-19-not-a-pandemic-yet/article30970627.ece, 2020-03-03
https://www.thehindu.com/business/businesslive-3-march-2020/article30969329.ece, 2020-03-03
https://www.thehindu.com/specials/the-hindu-explains-npr-2020-germanys-far-right-problem-and-why-covid-19-is-not-a-pandemic-yet/article30953498.ece, 2020-03-01
https://www.thehindu.com/business/businesslive-26-feb-2020/article30919275.ece, 2020-02-26
https://www.thehindu.com/business/businesslive-21-feb-2020/article30877698.ece, 2020-02-21
https://www.thehindu.com/tags/TopicRoot_TH/coronavirus, 2020-02-17
https://www.thehindu.com/entertainment/movies/china-premiere-of-james-bonds-no-time-to-die-scrapped-due-to-coronavirus-fears/article30840558.ece, 2020-02-17
https://www.thehindu.com/business/businesslive-11-feb-2020/article30789419.ece, 2020-02-11
https://www.thehindu.com/specials/the-hindu-explains-lic-stake-sale-ro-systems-and-transmission-of-coronavirus/article30773293.ece, 2020-02-09
https://www.thehindu.com/news/national/parliament-proceedings-live-budget-session-february-7-2020/article30759337.ece, 2020-02-07
https://www.thehindu.com/business/businesslive-7-feb-2020/article30759087.ece, 2020-02-07
https://www.thehindu.com/business/businesslive-05-feb-2020/article30740164.ece, 2020-02-05
https://www.thehindu.com/sci-tech/science/bats-and-the-novel-coronavirus/article30725194.ece, 2020-02-03
https://www.thehindu.com/news/top-news-in-pictures-february-1-2020/article30709662.ece, 2020-02-01
https://www.thehindu.com/business/businesslive-29-jan-2020/article30681258.ece, 2020-01-29
https://www.thehindu.com/news/top-news-in-pictures-january-28-2020/article30672277.ece, 2020-01-28
https://www.thehindu.com/business/businesslive-28-jan-2020/article30672278.ece, 2020-01-28
https://www.thehindu.com/business/businesslive-27-jan-2020/article30662987.ece, 2020-01-27
https://www.thehindu.com/news/top-news-in-pictures-january-24-2020/article30641064.ece, 2020-01-24
https://www.thehindu.com/business/businesslive-24-jan-2020/article30640727.ece, 2020-01-24
https://www.thehindu.com/entertainment/movies/in-china-people-are-fighting-coronavirus-outbreak-by-watching-disaster-movie-the-flu/article30624208.ece, 2020-01-22
